[
  {
    "name": "LeBron James #1",
    "sport": "Basketball",
    "achievements": [
      "4 NBA championships",
      "4 Finals MVP awards",
      "19 All-Star selections"
    ]
  },
  {
    "name": "Tiger Woods #2",
    "sport": "Golf",
    "achievements": [
      "15 Major championships",
      "82 PGA Tour wins",
      "Masters champion"
    ]
  },
  {
    "name": "Roger Federer #3",
    "sport": "Tennis",
    "achievements": [
      "20 Grand Slam titles",
      "310 weeks at No. 1",
      "Wimbledon champion"
    ]
  },
  {
    "name": "Usain Bolt #4",
    "sport": "Track and Field",
    "achievements": [
      "8 Olympic gold medals",
      "World record holder",
      "100m and 200m champion"
    ]
  },
  {
    "name": "Serena Williams #5",
    "sport": "Tennis",
    "achievements": [
      "23 Grand Slam titles",
      "319 weeks at No. 1",
      "4 Olympic gold medals"
    ]
  },
  {
    "name": "Michael Jordan #6",
    "sport": "Basketball",
    "achievements": [
      "6 NBA championships",
      "5 MVP awards",
      "Basketball Hall of Fame"
    ]
  },
  {
    "name": "Tom Brady #7",
    "sport": "American Football",
    "achievements": [
      "7 Super Bowl titles",
      "5 Super Bowl MVP awards",
      "15 Pro Bowl selections"
    ]
  },
  {
    "name": "Tom Brady #8",
    "sport": "American Football",
    "achievements": [
      "7 Super Bowl titles",
      "5 Super Bowl MVP awards",
      "15 Pro Bowl selections"
    ]
  },
  {
    "name": "Muhammad Ali #9",
    "sport": "Boxing",
    "achievements": [
      "3-time world champion",
      "Olympic gold medalist",
      "Sports icon"
    ]
  },
  {
    "name": "Lionel Messi #10",
    "sport": "Soccer",
    "achievements": [
      "7 Ballon d'Or awards",
      "World Cup winner",
      "800+ career goals"
    ]
  },
  {
    "name": "Michael Jordan #11",
    "sport": "Basketball",
    "achievements": [
      "6 NBA championships",
      "5 MVP awards",
      "Basketball Hall of Fame"
    ]
  },
  {
    "name": "Stephen Curry #12",
    "sport": "Basketball",
    "achievements": [
      "4 NBA championships",
      "2 MVP awards",
      "3-point record holder"
    ]
  },
  {
    "name": "LeBron James #13",
    "sport": "Basketball",
    "achievements": [
      "4 NBA championships",
      "4 Finals MVP awards",
      "19 All-Star selections"
    ]
  },
  {
    "name": "Venus Williams #14",
    "sport": "Tennis",
    "achievements": [
      "7 Grand Slam titles",
      "5 Wimbledon titles",
      "Olympic gold medalist"
    ]
  },
  {
    "name": "Cristiano Ronaldo #15",
    "sport": "Soccer",
    "achievements": [
      "5 Ballon d'Or awards",
      "5 Champions League titles",
      "800+ career goals"
    ]
  },
  {
    "name": "Michael Phelps #16",
    "sport": "Swimming",
    "achievements": [
      "23 Olympic gold medals",
      "39 world records",
      "Most decorated Olympian"
    ]
  },
  {
    "name": "Michael Jordan #17",
    "sport": "Basketball",
    "achievements": [
      "6 NBA championships",
      "5 MVP awards",
      "Basketball Hall of Fame"
    ]
  },
  {
    "name": "Michael Phelps #18",
    "sport": "Swimming",
    "achievements": [
      "23 Olympic gold medals",
      "39 world records",
      "Most decorated Olympian"
    ]
  },
  {
    "name": "Michael Phelps #19",
    "sport": "Swimming",
    "achievements": [
      "23 Olympic gold medals",
      "39 world records",
      "Most decorated Olympian"
    ]
  },
  {
    "name": "Muhammad Ali #20",
    "sport": "Boxing",
    "achievements": [
      "3-time world champion",
      "Olympic gold medalist",
      "Sports icon"
    ]
  },
  {
    "name": "Lionel Messi #21",
    "sport": "Soccer",
    "achievements": [
      "7 Ballon d'Or awards",
      "World Cup winner",
      "800+ career goals"
    ]
  },
  {
    "name": "Venus Williams #22",
    "sport": "Tennis",
    "achievements": [
      "7 Grand Slam titles",
      "5 Wimbledon titles",
      "Olympic gold medalist"
    ]
  },
  {
    "name": "Simone Biles #23",
    "sport": "Gymnastics",
    "achievements": [
      "7 Olympic medals",
      "19 World Championship gold",
      "Greatest gymnast"
    ]
  },
  {
    "name": "Kobe Bryant #24",
    "sport": "Basketball",
    "achievements": [
      "5 NBA championships",
      "18 All-Star selections",
      "NBA Hall of Fame"
    ]
  },
  {
    "name": "Cristiano Ronaldo #25",
    "sport": "Soccer",
    "achievements": [
      "5 Ballon d'Or awards",
      "5 Champions League titles",
      "800+ career goals"
    ]
  },
  {
    "name": "Tom Brady #26",
    "sport": "American Football",
    "achievements": [
      "7 Super Bowl titles",
      "5 Super Bowl MVP awards",
      "15 Pro Bowl selections"
    ]
  },
  {
    "name": "Serena Williams #27",
    "sport": "Tennis",
    "achievements": [
      "23 Grand Slam titles",
      "319 weeks at No. 1",
      "4 Olympic gold medals"
    ]
  },
  {
    "name": "Simone Biles #28",
    "sport": "Gymnastics",
    "achievements": [
      "7 Olympic medals",
      "19 World Championship gold",
      "Greatest gymnast"
    ]
  },
  {
    "name": "Cristiano Ronaldo #29",
    "sport": "Soccer",
    "achievements": [
      "5 Ballon d'Or awards",
      "5 Champions League titles",
      "800+ career goals"
    ]
  },
  {
    "name": "Simone Biles #30",
    "sport": "Gymnastics",
    "achievements": [
      "7 Olympic medals",
      "19 World Championship gold",
      "Greatest gymnast"
    ]
  },
  {
    "name": "Tiger Woods #31",
    "sport": "Golf",
    "achievements": [
      "15 Major championships",
      "82 PGA Tour wins",
      "Masters champion"
    ]
  },
  {
    "name": "Tiger Woods #32",
    "sport": "Golf",
    "achievements": [
      "15 Major championships",
      "82 PGA Tour wins",
      "Masters champion"
    ]
  },
  {
    "name": "Michael Jordan #33",
    "sport": "Basketball",
    "achievements": [
      "6 NBA championships",
      "5 MVP awards",
      "Basketball Hall of Fame"
    ]
  },
  {
    "name": "Roger Federer #34",
    "sport": "Tennis",
    "achievements": [
      "20 Grand Slam titles",
      "310 weeks at No. 1",
      "Wimbledon champion"
    ]
  },
  {
    "name": "Muhammad Ali #35",
    "sport": "Boxing",
    "achievements": [
      "3-time world champion",
      "Olympic gold medalist",
      "Sports icon"
    ]
  },
  {
    "name": "Stephen Curry #36",
    "sport": "Basketball",
    "achievements": [
      "4 NBA championships",
      "2 MVP awards",
      "3-point record holder"
    ]
  },
  {
    "name": "Usain Bolt #37",
    "sport": "Track and Field",
    "achievements": [
      "8 Olympic gold medals",
      "World record holder",
      "100m and 200m champion"
    ]
  },
  {
    "name": "Cristiano Ronaldo #38",
    "sport": "Soccer",
    "achievements": [
      "5 Ballon d'Or awards",
      "5 Champions League titles",
      "800+ career goals"
    ]
  },
  {
    "name": "Roger Federer #39",
    "sport": "Tennis",
    "achievements": [
      "20 Grand Slam titles",
      "310 weeks at No. 1",
      "Wimbledon champion"
    ]
  },
  {
    "name": "Usain Bolt #40",
    "sport": "Track and Field",
    "achievements": [
      "8 Olympic gold medals",
      "World record holder",
      "100m and 200m champion"
    ]
  },
  {
    "name": "Kobe Bryant #41",
    "sport": "Basketball",
    "achievements": [
      "5 NBA championships",
      "18 All-Star selections",
      "NBA Hall of Fame"
    ]
  },
  {
    "name": "Serena Williams #42",
    "sport": "Tennis",
    "achievements": [
      "23 Grand Slam titles",
      "319 weeks at No. 1",
      "4 Olympic gold medals"
    ]
  },
  {
    "name": "Cristiano Ronaldo #43",
    "sport": "Soccer",
    "achievements": [
      "5 Ballon d'Or awards",
      "5 Champions League titles",
      "800+ career goals"
    ]
  },
  {
    "name": "Michael Jordan #44",
    "sport": "Basketball",
    "achievements": [
      "6 NBA championships",
      "5 MVP awards",
      "Basketball Hall of Fame"
    ]
  },
  {
    "name": "Cristiano Ronaldo #45",
    "sport": "Soccer",
    "achievements": [
      "5 Ballon d'Or awards",
      "5 Champions League titles",
      "800+ career goals"
    ]
  },
  {
    "name": "Michael Jordan #46",
    "sport": "Basketball",
    "achievements": [
      "6 NBA championships",
      "5 MVP awards",
      "Basketball Hall of Fame"
    ]
  },
  {
    "name": "Simone Biles #47",
    "sport": "Gymnastics",
    "achievements": [
      "7 Olympic medals",
      "19 World Championship gold",
      "Greatest gymnast"
    ]
  },
  {
    "name": "Michael Jordan #48",
    "sport": "Basketball",
    "achievements": [
      "6 NBA championships",
      "5 MVP awards",
      "Basketball Hall of Fame"
    ]
  },
  {
    "name": "Simone Biles #49",
    "sport": "Gymnastics",
    "achievements": [
      "7 Olympic medals",
      "19 World Championship gold",
      "Greatest gymnast"
    ]
  },
  {
    "name": "Cristiano Ronaldo #50",
    "sport": "Soccer",
    "achievements": [
      "5 Ballon d'Or awards",
      "5 Champions League titles",
      "800+ career goals"
    ]
  },
  {
    "name": "Venus Williams #51",
    "sport": "Tennis",
    "achievements": [
      "7 Grand Slam titles",
      "5 Wimbledon titles",
      "Olympic gold medalist"
    ]
  },
  {
    "name": "Michael Jordan #52",
    "sport": "Basketball",
    "achievements": [
      "6 NBA championships",
      "5 MVP awards",
      "Basketball Hall of Fame"
    ]
  },
  {
    "name": "Usain Bolt #53",
    "sport": "Track and Field",
    "achievements": [
      "8 Olympic gold medals",
      "World record holder",
      "100m and 200m champion"
    ]
  },
  {
    "name": "Tiger Woods #54",
    "sport": "Golf",
    "achievements": [
      "15 Major championships",
      "82 PGA Tour wins",
      "Masters champion"
    ]
  },
  {
    "name": "Michael Jordan #55",
    "sport": "Basketball",
    "achievements": [
      "6 NBA championships",
      "5 MVP awards",
      "Basketball Hall of Fame"
    ]
  },
  {
    "name": "Lionel Messi #56",
    "sport": "Soccer",
    "achievements": [
      "7 Ballon d'Or awards",
      "World Cup winner",
      "800+ career goals"
    ]
  },
  {
    "name": "Stephen Curry #57",
    "sport": "Basketball",
    "achievements": [
      "4 NBA championships",
      "2 MVP awards",
      "3-point record holder"
    ]
  },
  {
    "name": "Michael Phelps #58",
    "sport": "Swimming",
    "achievements": [
      "23 Olympic gold medals",
      "39 world records",
      "Most decorated Olympian"
    ]
  },
  {
    "name": "Venus Williams #59",
    "sport": "Tennis",
    "achievements": [
      "7 Grand Slam titles",
      "5 Wimbledon titles",
      "Olympic gold medalist"
    ]
  },
  {
    "name": "Tom Brady #60",
    "sport": "American Football",
    "achievements": [
      "7 Super Bowl titles",
      "5 Super Bowl MVP awards",
      "15 Pro Bowl selections"
    ]
  },
  {
    "name": "Michael Phelps #61",
    "sport": "Swimming",
    "achievements": [
      "23 Olympic gold medals",
      "39 world records",
      "Most decorated Olympian"
    ]
  },
  {
    "name": "Kobe Bryant #62",
    "sport": "Basketball",
    "achievements": [
      "5 NBA championships",
      "18 All-Star selections",
      "NBA Hall of Fame"
    ]
  },
  {
    "name": "Simone Biles #63",
    "sport": "Gymnastics",
    "achievements": [
      "7 Olympic medals",
      "19 World Championship gold",
      "Greatest gymnast"
    ]
  },
  {
    "name": "Roger Federer #64",
    "sport": "Tennis",
    "achievements": [
      "20 Grand Slam titles",
      "310 weeks at No. 1",
      "Wimbledon champion"
    ]
  },
  {
    "name": "Serena Williams #65",
    "sport": "Tennis",
    "achievements": [
      "23 Grand Slam titles",
      "319 weeks at No. 1",
      "4 Olympic gold medals"
    ]
  },
  {
    "name": "Usain Bolt #66",
    "sport": "Track and Field",
    "achievements": [
      "8 Olympic gold medals",
      "World record holder",
      "100m and 200m champion"
    ]
  },
  {
    "name": "Muhammad Ali #67",
    "sport": "Boxing",
    "achievements": [
      "3-time world champion",
      "Olympic gold medalist",
      "Sports icon"
    ]
  },
  {
    "name": "Lionel Messi #68",
    "sport": "Soccer",
    "achievements": [
      "7 Ballon d'Or awards",
      "World Cup winner",
      "800+ career goals"
    ]
  },
  {
    "name": "Lionel Messi #69",
    "sport": "Soccer",
    "achievements": [
      "7 Ballon d'Or awards",
      "World Cup winner",
      "800+ career goals"
    ]
  },
  {
    "name": "Michael Phelps #70",
    "sport": "Swimming",
    "achievements": [
      "23 Olympic gold medals",
      "39 world records",
      "Most decorated Olympian"
    ]
  },
  {
    "name": "Serena Williams #71",
    "sport": "Tennis",
    "achievements": [
      "23 Grand Slam titles",
      "319 weeks at No. 1",
      "4 Olympic gold medals"
    ]
  },
  {
    "name": "Venus Williams #72",
    "sport": "Tennis",
    "achievements": [
      "7 Grand Slam titles",
      "5 Wimbledon titles",
      "Olympic gold medalist"
    ]
  },
  {
    "name": "Serena Williams #73",
    "sport": "Tennis",
    "achievements": [
      "23 Grand Slam titles",
      "319 weeks at No. 1",
      "4 Olympic gold medals"
    ]
  },
  {
    "name": "Cristiano Ronaldo #74",
    "sport": "Soccer",
    "achievements": [
      "5 Ballon d'Or awards",
      "5 Champions League titles",
      "800+ career goals"
    ]
  },
  {
    "name": "Muhammad Ali #75",
    "sport": "Boxing",
    "achievements": [
      "3-time world champion",
      "Olympic gold medalist",
      "Sports icon"
    ]
  },
  {
    "name": "Stephen Curry #76",
    "sport": "Basketball",
    "achievements": [
      "4 NBA championships",
      "2 MVP awards",
      "3-point record holder"
    ]
  },
  {
    "name": "Simone Biles #77",
    "sport": "Gymnastics",
    "achievements": [
      "7 Olympic medals",
      "19 World Championship gold",
      "Greatest gymnast"
    ]
  },
  {
    "name": "Serena Williams #78",
    "sport": "Tennis",
    "achievements": [
      "23 Grand Slam titles",
      "319 weeks at No. 1",
      "4 Olympic gold medals"
    ]
  },
  {
    "name": "Serena Williams #79",
    "sport": "Tennis",
    "achievements": [
      "23 Grand Slam titles",
      "319 weeks at No. 1",
      "4 Olympic gold medals"
    ]
  },
  {
    "name": "Michael Jordan #80",
    "sport": "Basketball",
    "achievements": [
      "6 NBA championships",
      "5 MVP awards",
      "Basketball Hall of Fame"
    ]
  },
  {
    "name": "Simone Biles #81",
    "sport": "Gymnastics",
    "achievements": [
      "7 Olympic medals",
      "19 World Championship gold",
      "Greatest gymnast"
    ]
  },
  {
    "name": "Lionel Messi #82",
    "sport": "Soccer",
    "achievements": [
      "7 Ballon d'Or awards",
      "World Cup winner",
      "800+ career goals"
    ]
  },
  {
    "name": "Tom Brady #83",
    "sport": "American Football",
    "achievements": [
      "7 Super Bowl titles",
      "5 Super Bowl MVP awards",
      "15 Pro Bowl selections"
    ]
  },
  {
    "name": "Cristiano Ronaldo #84",
    "sport": "Soccer",
    "achievements": [
      "5 Ballon d'Or awards",
      "5 Champions League titles",
      "800+ career goals"
    ]
  },
  {
    "name": "Roger Federer #85",
    "sport": "Tennis",
    "achievements": [
      "20 Grand Slam titles",
      "310 weeks at No. 1",
      "Wimbledon champion"
    ]
  },
  {
    "name": "Tom Brady #86",
    "sport": "American Football",
    "achievements": [
      "7 Super Bowl titles",
      "5 Super Bowl MVP awards",
      "15 Pro Bowl selections"
    ]
  },
  {
    "name": "Michael Jordan #87",
    "sport": "Basketball",
    "achievements": [
      "6 NBA championships",
      "5 MVP awards",
      "Basketball Hall of Fame"
    ]
  },
  {
    "name": "Michael Jordan #88",
    "sport": "Basketball",
    "achievements": [
      "6 NBA championships",
      "5 MVP awards",
      "Basketball Hall of Fame"
    ]
  },
  {
    "name": "Muhammad Ali #89",
    "sport": "Boxing",
    "achievements": [
      "3-time world champion",
      "Olympic gold medalist",
      "Sports icon"
    ]
  },
  {
    "name": "Muhammad Ali #90",
    "sport": "Boxing",
    "achievements": [
      "3-time world champion",
      "Olympic gold medalist",
      "Sports icon"
    ]
  },
  {
    "name": "Lionel Messi #91",
    "sport": "Soccer",
    "achievements": [
      "7 Ballon d'Or awards",
      "World Cup winner",
      "800+ career goals"
    ]
  },
  {
    "name": "Usain Bolt #92",
    "sport": "Track and Field",
    "achievements": [
      "8 Olympic gold medals",
      "World record holder",
      "100m and 200m champion"
    ]
  },
  {
    "name": "Cristiano Ronaldo #93",
    "sport": "Soccer",
    "achievements": [
      "5 Ballon d'Or awards",
      "5 Champions League titles",
      "800+ career goals"
    ]
  },
  {
    "name": "Muhammad Ali #94",
    "sport": "Boxing",
    "achievements": [
      "3-time world champion",
      "Olympic gold medalist",
      "Sports icon"
    ]
  },
  {
    "name": "Tiger Woods #95",
    "sport": "Golf",
    "achievements": [
      "15 Major championships",
      "82 PGA Tour wins",
      "Masters champion"
    ]
  },
  {
    "name": "Simone Biles #96",
    "sport": "Gymnastics",
    "achievements": [
      "7 Olympic medals",
      "19 World Championship gold",
      "Greatest gymnast"
    ]
  },
  {
    "name": "Venus Williams #97",
    "sport": "Tennis",
    "achievements": [
      "7 Grand Slam titles",
      "5 Wimbledon titles",
      "Olympic gold medalist"
    ]
  },
  {
    "name": "Roger Federer #98",
    "sport": "Tennis",
    "achievements": [
      "20 Grand Slam titles",
      "310 weeks at No. 1",
      "Wimbledon champion"
    ]
  },
  {
    "name": "Cristiano Ronaldo #99",
    "sport": "Soccer",
    "achievements": [
      "5 Ballon d'Or awards",
      "5 Champions League titles",
      "800+ career goals"
    ]
  },
  {
    "name": "Stephen Curry #100",
    "sport": "Basketball",
    "achievements": [
      "4 NBA championships",
      "2 MVP awards",
      "3-point record holder"
    ]
  }
]